{
  "type": "minecraft:chest",
  "pools": [
    {
      "bonus_rolls": 0.0,
      "entries": [
        {
          "type": "minecraft:item",
          "name": "spartanweaponry:diamond_dagger",
          "weight": 5
        },
        {
          "type": "minecraft:item",
          "name": "spartanweaponry:diamond_parrying_dagger",
          "weight": 5
        },
        {
          "type": "minecraft:item",
          "name": "spartanweaponry:diamond_longsword",
          "weight": 5
        },
        {
          "type": "minecraft:item",
          "name": "spartanweaponry:diamond_katana",
          "weight": 5
        },
        {
          "type": "minecraft:item",
          "name": "spartanweaponry:diamond_saber",
          "weight": 5
        },
        {
          "type": "minecraft:item",
          "name": "spartanweaponry:diamond_rapier",
          "weight": 5
        },
        {
          "type": "minecraft:item",
          "name": "spartanweaponry:diamond_greatsword",
          "weight": 5
        },
        {
          "type": "minecraft:item",
          "name": "spartanweaponry:diamond_battle_hammer",
          "weight": 5
        },
        {
          "type": "minecraft:item",
          "name": "spartanweaponry:diamond_warhammer",
          "weight": 5
        },
        {
          "type": "minecraft:item",
          "name": "spartanweaponry:diamond_spear",
          "weight": 5
        },
        {
          "type": "minecraft:item",
          "name": "spartanweaponry:diamond_halberd",
          "weight": 5
        },
        {
          "type": "minecraft:item",
          "name": "spartanweaponry:diamond_pike",
          "weight": 5
        },
        {
          "type": "minecraft:item",
          "name": "spartanweaponry:diamond_lance",
          "weight": 5
        },
        {
          "type": "minecraft:item",
          "name": "spartanweaponry:diamond_longbow",
          "weight": 5
        },
        {
          "type": "minecraft:item",
          "name": "spartanweaponry:diamond_heavy_crossbow",
          "weight": 5
        },
        {
          "type": "minecraft:item",
          "functions": [
            {
              "add": false,
              "count": {
                "type": "minecraft:uniform",
                "max": 3.0,
                "min": 1.0
              },
              "function": "minecraft:set_count"
            }
          ],
          "name": "spartanweaponry:diamond_bolt",
          "weight": 10
        },
        {
          "type": "minecraft:item",
          "name": "spartanweaponry:diamond_throwing_knife",
          "weight": 5
        },
        {
          "type": "minecraft:item",
          "name": "spartanweaponry:diamond_tomahawk",
          "weight": 5
        },
        {
          "type": "minecraft:item",
          "name": "spartanweaponry:diamond_javelin",
          "weight": 5
        },
        {
          "type": "minecraft:item",
          "name": "spartanweaponry:diamond_boomerang",
          "weight": 5
        },
        {
          "type": "minecraft:item",
          "name": "spartanweaponry:diamond_battleaxe",
          "weight": 5
        },
        {
          "type": "minecraft:item",
          "name": "spartanweaponry:diamond_flanged_mace",
          "weight": 5
        },
        {
          "type": "minecraft:item",
          "name": "spartanweaponry:diamond_glaive",
          "weight": 5
        },
        {
          "type": "minecraft:item",
          "name": "spartanweaponry:diamond_quarterstaff",
          "weight": 5
        },
        {
          "type": "minecraft:item",
          "name": "spartanweaponry:diamond_scythe",
          "weight": 5
        }
      ],
      "rolls": {
        "type": "minecraft:uniform",
        "max": 2.0,
        "min": 1.0
      }
    }
  ],
  "random_sequence": "spartanweaponry:inject/chests/end_city_treasure"
}