{
  "parent": "spartanweaponry:item/base/quarterstaff",
  "overrides": [
    {
      "model": "spartanweaponry:item/diamond_quarterstaff_blocking",
      "predicate": {
        "spartanweaponry:blocking": 1.0
      }
    },
    {
      "model": "spartanweaponry:item/diamond_quarterstaff_throwing",
      "predicate": {
        "spartanweaponry:throwing": 1.0
      }
    }
  ],
  "textures": {
    "coating": "spartanweaponry:item/coating/quarterstaff",
    "layer0": "spartanweaponry:item/diamond_quarterstaff"
  }
}