{
  "parent": "spartanweaponry:item/base/parrying_dagger",

  "overrides": [
    {
      "model": "spartanweaponry:item/stone_parrying_dagger_blocking",
      "predicate": {
        "spartanweaponry:blocking": 1.0
      }
    },
    {
      "model": "spartanweaponry:item/stone_parrying_dagger_throwing",
      "predicate": {
        "spartanweaponry:throwing": 1.0
      }
    }
  ],
  "textures": {
    "coating": "spartanweaponry:item/coating/parrying_dagger",
    "layer0": "spartanweaponry:item/stone_parrying_dagger"
  }
}