{
  "parent": "spartanweaponry:item/base/greatsword",

  "overrides": [
    {
      "model": "spartanweaponry:item/stone_greatsword_blocking",
      "predicate": {
        "spartanweaponry:blocking": 1.0
      }
    },
    {
      "model": "spartanweaponry:item/stone_greatsword_throwing",
      "predicate": {
        "spartanweaponry:throwing": 1.0
      }
    }
  ],
  "textures": {
    "coating": "spartanweaponry:item/coating/greatsword",
    "layer0": "spartanweaponry:item/stone_greatsword"
  }
}