{
    "parent":"item/handheld",
    "display": {
        "thirdperson_righthand": {
            "rotation": [ 180, 90, 55 ],
            "translation": [ 0, -7.0, 2.5 ],
            "scale": [ 0.85, 0.85, 0.85 ]
        },
        "thirdperson_lefthand": {
            "rotation": [ 180, -90, -55 ],
            "translation": [ 0, -7.0, 2.5 ],
            "scale": [ 0.85, 0.85, 0.85 ]
        },
        "firstperson_righthand": {
            "rotation": [ 0, 90, 50 ],
            "translation": [ 3.13, -4.2, -4 ],
            "scale": [ 0.5, 0.5, 0.5 ]
        },
        "firstperson_lefthand": {
            "rotation": [ 0, -90, -50 ],
            "translation": [ 3.13, -4.2, -4 ],
            "scale": [ 0.5, 0.5, 0.5 ]
        }
    }
}