{
    "parent":"item/handheld",
    "display": {
        "thirdperson_righthand": {
            "rotation": [ 0, -90, 55 ],
            "translation": [ 0, 3.0, 1.0 ],
            "scale": [ 0.85, 0.85, 0.85 ]
        },
        "thirdperson_lefthand": {
            "rotation": [ 0, 90, -55 ],
            "translation": [ 0, 3.0, 1.0 ],
            "scale": [ 0.85, 0.85, 0.85 ]
        },
        "firstperson_righthand": {
            "rotation": [ -10, 170, 0 ],
            "translation": [ -7.00, 4.20, 1.13 ],
            "scale": [ 0.68, 0.68, 0.68 ]
        },
        "firstperson_lefthand": {
            "rotation": [ -10, -170, -90 ],
            "translation": [ -7.00, 4.20, 1.13 ],
            "scale": [ 0.68, 0.68, 0.68 ]
        }
    }
}