{
    "parent":"item/handheld",
    "display": {
        "thirdperson_righthand": {
			"rotation": [ -55, -90, 0 ],
			"translation": [ 0.00, 0.50, 2.00 ],
			"scale": [ 2.125, 2.125, 1.0 ]
        },
        "thirdperson_lefthand": {
            "rotation": [ -55, 90, 0 ],
            "translation": [ 0.00, 0.50, 2.00 ],
            "scale": [ 2.125, 2.125, 1.00 ]
        },
        "firstperson_righthand": {
            "rotation": [ 0, -90, 30 ],
            "translation": [ 1.13, 5.0, 1.13 ],
            "scale": [ 0.85, 0.85, 0.425 ]
        },
        "firstperson_lefthand": {
            "rotation": [ 0, 90, -30 ],
            "translation": [ 1.13, 5.0, 1.13 ],
            "scale": [ 0.85, 0.85, 0.425 ]
        },
		"ground": {
			"rotation": [ 0, 0, 0 ],
			"translation": [ 0.00, 4.25, 0.00 ],
			"scale": [ 0.9375, 0.9375, 0.46875 ]
		}
    }
}