{
    "parent":"item/handheld",
    "display": {
        "thirdperson_righthand": {
			"rotation": [ -55, -90, 0 ],
			"translation": [ 0.00, 0.50, 2.00 ],
			"scale": [ 2.125, 2.125, 1.0 ]
        },
        "thirdperson_lefthand": {
            "rotation": [ -55, 90, 0 ],
            "translation": [ 0.00, 0.50, 2.00 ],
            "scale": [ 2.125, 2.125, 1.00 ]
        },
        "firstperson_righthand": {
            "rotation": [ -10, 170, 0 ],
            "translation": [ -7.00, 4.20, 1.13 ],
            "scale": [ 0.85, 0.85, 0.425 ]
        },
        "firstperson_lefthand": {
            "rotation": [ -10, -170, -90 ],
            "translation": [ -7.00, 4.20, 1.13 ],
            "scale": [ 0.85, 0.85, 0.425 ]
        }
    }
}