{
  "type": "minecraft:chest",
  "pools": [
    {
      "bonus_rolls": 0.0,
      "entries": [
        {
          "type": "minecraft:item",
          "functions": [
            {
              "add": false,
              "count": {
                "type": "minecraft:uniform",
                "max": 3.0,
                "min": 1.0
              },
              "function": "minecraft:set_count"
            }
          ],
          "name": "spartanweaponry:bolt",
          "weight": 5
        },
        {
          "type": "minecraft:item",
          "name": "spartanweaponry:wooden_longbow",
          "weight": 3
        },
        {
          "type": "minecraft:item",
          "name": "spartanweaponry:iron_longbow"
        },
        {
          "type": "minecraft:item",
          "name": "spartanweaponry:wooden_heavy_crossbow",
          "weight": 3
        },
        {
          "type": "minecraft:item",
          "name": "spartanweaponry:iron_heavy_crossbow"
        }
      ],
      "rolls": {
        "type": "minecraft:uniform",
        "max": 2.0,
        "min": 1.0
      }
    }
  ],
  "random_sequence": "spartanweaponry:inject/chests/village/village_fletcher"
}