{
  "type": "minecraft:chest",
  "pools": [
    {
      "bonus_rolls": 0.0,
      "entries": [
        {
          "type": "minecraft:item",
          "name": "spartanweaponry:iron_dagger",
          "weight": 5
        },
        {
          "type": "minecraft:item",
          "name": "spartanweaponry:iron_parrying_dagger",
          "weight": 5
        },
        {
          "type": "minecraft:item",
          "name": "spartanweaponry:iron_longsword",
          "weight": 5
        },
        {
          "type": "minecraft:item",
          "name": "spartanweaponry:iron_katana",
          "weight": 5
        },
        {
          "type": "minecraft:item",
          "name": "spartanweaponry:iron_saber",
          "weight": 5
        },
        {
          "type": "minecraft:item",
          "name": "spartanweaponry:iron_rapier",
          "weight": 5
        },
        {
          "type": "minecraft:item",
          "name": "spartanweaponry:iron_greatsword",
          "weight": 5
        },
        {
          "type": "minecraft:item",
          "name": "spartanweaponry:studded_club",
          "weight": 5
        },
        {
          "type": "minecraft:item",
          "name": "spartanweaponry:cestus",
          "weight": 5
        },
        {
          "type": "minecraft:item",
          "name": "spartanweaponry:iron_battle_hammer",
          "weight": 5
        },
        {
          "type": "minecraft:item",
          "name": "spartanweaponry:iron_warhammer",
          "weight": 5
        },
        {
          "type": "minecraft:item",
          "name": "spartanweaponry:iron_spear",
          "weight": 5
        },
        {
          "type": "minecraft:item",
          "name": "spartanweaponry:iron_halberd",
          "weight": 5
        },
        {
          "type": "minecraft:item",
          "name": "spartanweaponry:iron_pike",
          "weight": 5
        },
        {
          "type": "minecraft:item",
          "name": "spartanweaponry:iron_lance",
          "weight": 5
        },
        {
          "type": "minecraft:item",
          "name": "spartanweaponry:iron_throwing_knife",
          "weight": 5
        },
        {
          "type": "minecraft:item",
          "name": "spartanweaponry:iron_tomahawk",
          "weight": 5
        },
        {
          "type": "minecraft:item",
          "name": "spartanweaponry:iron_javelin",
          "weight": 5
        },
        {
          "type": "minecraft:item",
          "name": "spartanweaponry:iron_boomerang",
          "weight": 5
        },
        {
          "type": "minecraft:item",
          "name": "spartanweaponry:iron_battleaxe",
          "weight": 5
        },
        {
          "type": "minecraft:item",
          "name": "spartanweaponry:iron_flanged_mace",
          "weight": 5
        },
        {
          "type": "minecraft:item",
          "name": "spartanweaponry:iron_glaive",
          "weight": 5
        },
        {
          "type": "minecraft:item",
          "name": "spartanweaponry:iron_quarterstaff",
          "weight": 5
        },
        {
          "type": "minecraft:item",
          "name": "spartanweaponry:iron_scythe",
          "weight": 5
        }
      ],
      "rolls": {
        "type": "minecraft:uniform",
        "max": 2.0,
        "min": 1.0
      }
    }
  ],
  "random_sequence": "spartanweaponry:inject/chests/village/village_weaponsmith"
}