{
  "boomerang_bounce": {
    "sounds": [
      {
        "name": "entity/player/attack/weak1",
        "volume": 0.7
      },
      {
        "name": "entity/player/attack/weak2",
        "volume": 0.7
      },
      {
        "name": "entity/player/attack/weak3",
        "volume": 0.7
      },
      {
        "name": "entity/player/attack/weak4",
        "volume": 0.7
      }
    ],
    "subtitle": "subtitle.spartanweaponry.boomerang_bounce"
  },
  "boomerang_fly": {
    "sounds": [
      "random/bow"
    ],
    "subtitle": "subtitle.spartanweaponry.boomerang_fly"
  },
  "boomerang_hit_ground": {
    "sounds": [
      {
        "name": "item/trident/ground_impact1",
        "volume": 0.9
      },
      {
        "name": "item/trident/ground_impact2",
        "volume": 0.9
      },
      {
        "name": "item/trident/ground_impact3",
        "volume": 0.9
      },
      {
        "name": "item/trident/ground_impact4",
        "volume": 0.9
      }
    ],
    "subtitle": "subtitle.spartanweaponry.boomerang_hit_ground"
  },
  "boomerang_hit_mob": {
    "sounds": [
      "item/trident/pierce1",
      "item/trident/pierce2",
      "item/trident/pierce3"
    ],
    "subtitle": "subtitle.spartanweaponry.boomerang_hit_mob"
  },
  "boomerang_throw": {
    "sounds": [
      "item/trident/throw1",
      "item/trident/throw2"
    ],
    "subtitle": "subtitle.spartanweaponry.boomerang_throw"
  },
  "hammer_slams_into_ground": {
    "sounds": [
      "random/explode1",
      "random/explode2",
      "random/explode3",
      "random/explode4"
    ],
    "subtitle": "subtitle.spartanweaponry.hammer_slams_into_ground"
  },
  "javelin_hit_ground": {
    "sounds": [
      {
        "name": "item/trident/ground_impact1",
        "volume": 0.9
      },
      {
        "name": "item/trident/ground_impact2",
        "volume": 0.9
      },
      {
        "name": "item/trident/ground_impact3",
        "volume": 0.9
      },
      {
        "name": "item/trident/ground_impact4",
        "volume": 0.9
      }
    ],
    "subtitle": "subtitle.spartanweaponry.javelin_hit_ground"
  },
  "javelin_hit_mob": {
    "sounds": [
      "item/trident/pierce1",
      "item/trident/pierce2",
      "item/trident/pierce3"
    ],
    "subtitle": "subtitle.spartanweaponry.javelin_hit_mob"
  },
  "javelin_throw": {
    "sounds": [
      "item/trident/throw1",
      "item/trident/throw2"
    ],
    "subtitle": "subtitle.spartanweaponry.javelin_throw"
  },
  "throwing_knife_hit_ground": {
    "sounds": [
      {
        "name": "item/trident/ground_impact1",
        "volume": 0.9
      },
      {
        "name": "item/trident/ground_impact2",
        "volume": 0.9
      },
      {
        "name": "item/trident/ground_impact3",
        "volume": 0.9
      },
      {
        "name": "item/trident/ground_impact4",
        "volume": 0.9
      }
    ],
    "subtitle": "subtitle.spartanweaponry.throwing_knife_hit_ground"
  },
  "throwing_knife_hit_mob": {
    "sounds": [
      "item/trident/pierce1",
      "item/trident/pierce2",
      "item/trident/pierce3"
    ],
    "subtitle": "subtitle.spartanweaponry.throwing_knife_hit_mob"
  },
  "throwing_knife_throw": {
    "sounds": [
      "item/trident/throw1",
      "item/trident/throw2"
    ],
    "subtitle": "subtitle.spartanweaponry.throwing_knife_throw"
  },
  "throwing_weapon_hit_ground": {
    "sounds": [
      {
        "name": "item/trident/ground_impact1",
        "volume": 0.9
      },
      {
        "name": "item/trident/ground_impact2",
        "volume": 0.9
      },
      {
        "name": "item/trident/ground_impact3",
        "volume": 0.9
      },
      {
        "name": "item/trident/ground_impact4",
        "volume": 0.9
      }
    ],
    "subtitle": "subtitle.spartanweaponry.thrown_weapon_hit_ground"
  },
  "throwing_weapon_hit_mob": {
    "sounds": [
      "item/trident/pierce1",
      "item/trident/pierce2",
      "item/trident/pierce3"
    ],
    "subtitle": "subtitle.spartanweaponry.thrown_weapon_hit_mob"
  },
  "throwing_weapon_loyalty_return": {
    "sounds": [
      {
        "name": "item/trident/return1",
        "volume": 0.8
      },
      {
        "name": "item/trident/return2",
        "pitch": 1.2,
        "volume": 0.8
      },
      {
        "name": "item/trident/return3",
        "pitch": 0.8,
        "volume": 0.8
      },
      {
        "name": "item/trident/return2",
        "volume": 0.8
      },
      {
        "name": "item/trident/return2",
        "pitch": 1.2,
        "volume": 0.8
      },
      {
        "name": "item/trident/return2",
        "pitch": 0.8,
        "volume": 0.8
      },
      {
        "name": "item/trident/return3",
        "volume": 0.8
      },
      {
        "name": "item/trident/return3",
        "pitch": 1.2,
        "volume": 0.8
      },
      {
        "name": "item/trident/return3",
        "pitch": 0.8,
        "volume": 0.8
      }
    ],
    "subtitle": "subtitle.spartanweaponry.throwing_weapon_loyalty_return"
  },
  "throwing_weapon_throw": {
    "sounds": [
      "item/trident/throw1",
      "item/trident/throw2"
    ],
    "subtitle": "subtitle.spartanweaponry.thrown_weapon_throw"
  },
  "tomahawk_hit_ground": {
    "sounds": [
      {
        "name": "item/trident/ground_impact1",
        "volume": 0.9
      },
      {
        "name": "item/trident/ground_impact2",
        "volume": 0.9
      },
      {
        "name": "item/trident/ground_impact3",
        "volume": 0.9
      },
      {
        "name": "item/trident/ground_impact4",
        "volume": 0.9
      }
    ],
    "subtitle": "subtitle.spartanweaponry.tomahawk_hit_ground"
  },
  "tomahawk_hit_mob": {
    "sounds": [
      "item/trident/pierce1",
      "item/trident/pierce2",
      "item/trident/pierce3"
    ],
    "subtitle": "subtitle.spartanweaponry.tomahawk_hit_mob"
  },
  "tomahawk_throw": {
    "sounds": [
      "item/trident/throw1",
      "item/trident/throw2"
    ],
    "subtitle": "subtitle.spartanweaponry.tomahawk_throw"
  }
}